Div,Date,HomeTeam,AwayTeam,FTHG,FTAG,FTR,HTHG,HTAG,HTR,Referee,HS,AS,HST,AST,HHW,AHW,HC,AC,HF,AF,HO,AO,HY,AY,HR,AR
E0,19/8/2000,Charlton,Man City,4,0,H,2,0,H,Rob Harris,17,8,14,4,2,1,6,6,13,12,8,6,1,2,0,0
E0,19/8/2000,Chelsea,West Ham,4,2,H,1,0,H,Graham Barber,17,12,10,5,1,0,7,7,19,14,2,3,1,2,0,0
E0,19/8/2000,Coventry,Middlesbrough,1,3,A,1,1,D,Barry Knight,6,16,3,9,0,1,8,4,15,21,1,3,5,3,1,0
E0,19/8/2000,Derby,Southampton,2,2,D,1,2,A,Andy D'Urso,6,13,4,6,0,0,5,8,11,13,0,2,1,1,0,0
E0,19/8/2000,Leeds,Everton,2,0,H,2,0,H,Dermot Gallagher,17,12,8,6,0,0,6,4,21,20,6,1,1,3,0,0
E0,19/8/2000,Leicester,Aston Villa,0,0,D,0,0,D,Mike Riley,5,5,4,3,0,0,5,4,12,12,1,4,2,3,0,0
E0,19/8/2000,Liverpool,Bradford,1,0,H,0,0,D,Paul Durkin,16,3,10,2,0,0,6,1,8,8,5,0,1,1,0,0
E0,19/8/2000,Sunderland,Arsenal,1,0,H,0,0,D,Steve Dunn,8,14,2,7,0,0,2,9,10,21,2,3,3,1,0,1
E0,19/8/2000,Tottenham,Ipswich,3,1,H,2,1,H,Alan Wiley,20,15,6,5,2,1,3,4,14,13,2,3,0,0,0,0
E0,20/8/2000,Man United,Newcastle,2,0,H,1,0,H,Steve Lodge,19,9,9,6,2,0,7,1,7,13,5,9,0,1,0,0
E0,21/8/2000,Arsenal,Liverpool,2,0,H,1,0,H,Graham Poll,17,7,12,4,0,0,10,11,25,20,5,4,2,4,1,2
E0,22/8/2000,Bradford,Chelsea,2,0,H,1,0,H,Mark Halsey,12,14,3,6,0,0,6,4,14,16,5,6,0,1,0,0
E0,22/8/2000,Ipswich,Man United,1,1,D,1,1,D,Jeff Winter,13,15,8,6,0,0,4,6,10,7,9,4,1,4,0,0
E0,22/8/2000,Middlesbrough,Tottenham,1,1,D,0,1,A,Peter Jones,12,11,6,4,0,0,5,5,9,18,2,3,2,1,0,0
E0,23/8/2000,Everton,Charlton,3,0,H,0,0,D,Andy Hall,13,8,8,4,0,0,3,5,17,15,1,4,2,1,0,1
E0,23/8/2000,Man City,Sunderland,4,2,H,2,0,H,David Ellaray,15,9,10,4,0,0,7,3,24,14,5,4,3,3,0,0
E0,23/8/2000,Newcastle,Derby,3,2,H,1,1,D,Dermot Gallagher,9,10,4,5,0,0,9,6,23,11,2,3,0,3,1,0
E0,23/8/2000,Southampton,Coventry,1,2,A,0,1,A,F Taylor,12,7,4,5,0,0,6,5,18,20,0,6,5,3,0,0
E0,23/8/2000,West Ham,Leicester,0,1,A,0,0,D,Rob Styles,17,4,12,2,1,0,11,5,16,14,3,1,3,3,1,0
E0,26/8/2000,Arsenal,Charlton,5,3,H,1,2,A,Steve Lodge,18,7,9,4,0,0,8,3,12,15,3,2,0,1,0,0
E0,26/8/2000,Bradford,Leicester,0,0,D,0,0,D,Steve Bennett,8,13,4,8,0,0,6,8,11,12,4,4,1,2,0,0
E0,26/8/2000,Everton,Derby,2,2,D,2,0,H,Mike Riley,12,7,9,4,0,0,11,2,11,9,2,2,2,3,0,0
E0,26/8/2000,Ipswich,Sunderland,1,0,H,0,0,D,Graham Poll,14,9,5,3,1,0,7,6,10,12,3,10,1,1,0,0
E0,26/8/2000,Man City,Coventry,1,2,A,0,2,A,Andy D'Urso,14,9,5,8,1,0,5,5,7,12,3,10,2,3,0,0
E0,26/8/2000,Middlesbrough,Leeds,1,2,A,0,2,A,Graham Barber,15,16,8,11,0,0,4,8,12,20,4,5,2,0,0,0
E0,26/8/2000,Newcastle,Tottenham,2,0,H,1,0,H,David Ellaray,15,10,6,2,1,1,4,2,13,10,6,4,0,0,0,0
E0,26/8/2000,Southampton,Liverpool,3,3,D,0,1,A,Jeff Winter,14,9,7,4,2,0,7,1,7,6,4,4,0,0,0,0
E0,26/8/2000,West Ham,Man United,2,2,D,0,1,A,Dermot Gallagher,17,8,8,5,0,2,7,5,12,9,5,1,1,0,0,0
E0,27/8/2000,Aston Villa,Chelsea,1,1,D,1,1,D,Paul Durkin,12,11,9,7,0,0,7,10,13,12,2,0,0,1,0,0
E0,5/9/2000,Leeds,Man City,1,2,A,0,2,A,Graham Poll,6,8,1,3,1,1,9,4,18,24,2,2,2,2,0,0
E0,5/9/2000,Man United,Bradford,6,0,H,2,0,H,Ian Harris,21,6,12,4,1,1,5,1,12,10,4,9,0,1,0,0
E0,5/9/2000,Sunderland,West Ham,1,1,D,1,1,D,Peter Jones,17,16,7,9,1,0,4,11,19,14,2,10,2,3,0,0
E0,5/9/2000,Tottenham,Everton,3,2,H,1,2,A,Barry Knight,11,11,7,6,1,0,7,5,11,10,11,7,1,2,0,0
E0,6/9/2000,Charlton,Southampton,1,1,D,0,0,D,Mark Halsey,8,11,6,3,0,0,10,14,14,16,4,3,3,3,1,0
E0,6/9/2000,Chelsea,Arsenal,2,2,D,1,0,H,Mike Riley,12,13,5,5,1,1,7,6,16,22,2,2,3,1,0,0
E0,6/9/2000,Coventry,Newcastle,0,2,A,0,1,A,Alan Wiley,13,13,3,6,1,0,6,8,11,18,10,3,1,1,0,0
E0,6/9/2000,Derby,Middlesbrough,3,3,D,0,1,A,Rob Styles,9,5,5,4,0,0,11,5,8,10,3,5,3,2,0,0
E0,6/9/2000,Leicester,Ipswich,2,1,H,0,0,D,Paul Taylor,12,7,6,3,0,0,6,2,12,13,3,0,1,1,0,0
E0,6/9/2000,Liverpool,Aston Villa,3,1,H,3,0,H,Neale Barry,11,9,7,4,0,0,8,7,13,7,4,3,0,2,0,0
E0,9/9/2000,Bradford,Arsenal,1,1,D,1,0,H,Alan Wiley,9,18,5,11,0,1,4,10,17,13,4,7,0,2,0,0
E0,9/9/2000,Coventry,Leeds,0,0,D,0,0,D,Paul Durkin,9,11,1,5,0,0,6,6,15,14,3,10,2,2,0,0
E0,9/9/2000,Ipswich,Aston Villa,1,2,A,0,1,A,Andy D'Urso,15,5,5,2,0,0,5,3,9,13,4,3,1,3,0,0
E0,9/9/2000,Leicester,Southampton,1,0,H,0,0,D,Mike Dean,17,9,6,5,0,0,10,6,6,9,2,1,0,0,0,0
E0,9/9/2000,Liverpool,Man City,3,2,H,1,0,H,Graham Barber,14,9,8,7,0,0,9,4,17,17,3,5,3,4,0,0
E0,9/9/2000,Man United,Sunderland,3,0,H,1,0,H,Neale Barry,15,5,7,1,1,0,4,4,18,14,3,6,1,3,0,0
E0,9/9/2000,Middlesbrough,Everton,1,2,A,1,0,H,Steve Bennett,9,12,5,9,0,0,7,7,16,5,6,7,3,0,0,0
E0,9/9/2000,Newcastle,Chelsea,0,0,D,0,0,D,Graham Poll,10,10,4,3,0,0,5,6,17,21,4,6,0,3,0,0
E0,10/9/2000,Derby,Charlton,2,2,D,2,0,H,Peter Jones,12,10,6,6,0,0,4,11,17,12,0,3,3,1,0,0
E0,11/9/2000,Tottenham,West Ham,1,0,H,0,0,D,Steve Dunn,15,11,7,5,1,0,11,3,14,13,2,7,1,2,0,0
E0,16/9/2000,Arsenal,Coventry,2,1,H,1,0,H,Mike Dean,18,6,13,2,0,1,8,4,5,13,3,0,1,2,0,0
E0,16/9/2000,Aston Villa,Bradford,2,0,H,1,0,H,Rob Styles,12,8,7,4,0,0,5,6,8,12,10,10,0,2,0,0
E0,16/9/2000,Charlton,Tottenham,1,0,H,1,0,H,Jeff Winter,9,10,5,5,1,1,7,5,8,10,3,2,0,0,0,0
E0,16/9/2000,Everton,Man United,1,3,A,0,3,A,Dermot Gallagher,6,17,4,9,0,1,6,5,10,11,12,4,4,1,0,0
E0,16/9/2000,Leeds,Ipswich,1,2,A,1,1,D,Mark Halsey,11,12,6,7,0,0,6,3,12,19,6,0,1,3,0,0
E0,16/9/2000,Southampton,Newcastle,2,0,H,0,0,D,Barry Knight,13,10,9,7,0,0,4,8,14,14,4,4,0,0,0,0
E0,16/9/2000,Sunderland,Derby,2,1,H,1,0,H,Paul Taylor,15,10,8,5,2,0,4,5,16,28,0,5,2,3,0,0
E0,17/9/2000,Chelsea,Leicester,0,2,A,0,1,A,Graham Barber,16,7,10,5,1,0,15,3,16,17,1,4,3,1,0,0
E0,17/9/2000,Man City,Middlesbrough,1,1,D,0,0,D,Steve Lodge,11,4,4,2,1,0,9,3,15,11,3,2,2,5,0,0
E0,17/9/2000,West Ham,Liverpool,1,1,D,0,1,A,David Ellaray,15,7,4,2,0,0,9,0,5,13,6,3,0,2,0,0
E0,23/9/2000,Bradford,Southampton,0,1,A,0,1,A,Steve Dunn,14,6,6,4,0,0,7,5,14,18,5,6,3,1,0,0
E0,23/9/2000,Coventry,West Ham,0,3,A,0,2,A,Neale Barry,9,12,2,10,1,0,5,6,12,11,0,6,0,1,0,0
E0,23/9/2000,Derby,Leeds,1,1,D,0,1,A,Barry Knight,13,16,7,6,1,1,7,4,17,15,3,3,2,2,1,0
E0,23/9/2000,Ipswich,Arsenal,1,1,D,0,0,D,Paul Durkin,17,10,6,4,0,0,4,7,8,13,1,6,1,2,0,0
E0,23/9/2000,Liverpool,Sunderland,1,1,D,1,1,D,Mike Riley,11,8,6,3,0,0,12,3,14,18,8,5,2,2,0,0
E0,23/9/2000,Man United,Chelsea,3,3,D,3,2,H,Peter Jones,11,13,5,5,1,0,8,4,15,19,3,6,3,2,0,0
E0,23/9/2000,Middlesbrough,Aston Villa,1,1,D,0,0,D,Mark Halsey,12,15,5,7,0,1,5,5,7,14,6,2,3,0,0,0
E0,23/9/2000,Newcastle,Charlton,0,1,A,0,1,A,Andy D'Urso,12,4,5,2,0,1,4,7,14,10,3,11,1,2,0,0
E0,23/9/2000,Tottenham,Man City,0,0,D,0,0,D,Steve Bennett,18,7,5,2,1,0,5,4,10,14,2,4,0,2,0,0
E0,24/9/2000,Leicester,Everton,1,1,D,1,0,H,Alan Wiley,10,9,4,3,1,0,9,3,14,13,1,1,3,1,0,0
E0,30/9/2000,Aston Villa,Derby,4,1,H,2,0,H,David Ellaray,12,11,7,6,0,1,6,6,0,1,4,3,1,1,0,0
E0,30/9/2000,Charlton,Coventry,2,2,D,0,1,A,Rob Styles,12,10,8,6,1,0,6,6,8,16,5,0,1,2,0,0
E0,30/9/2000,Everton,Ipswich,0,3,A,0,1,A,Jeff Winter,7,9,3,7,0,0,4,1,6,5,2,4,1,0,0,0
E0,30/9/2000,Leeds,Tottenham,4,3,H,0,1,A,Neale Barry,14,10,7,5,1,0,6,4,11,20,4,1,0,2,0,0
E0,30/9/2000,Man City,Newcastle,0,1,A,0,0,D,Paul Taylor,9,15,7,9,0,1,10,8,16,12,7,8,0,1,0,0
E0,30/9/2000,Southampton,Middlesbrough,1,3,A,0,2,A,Graham Poll,16,7,8,5,2,0,6,6,6,22,5,1,2,2,0,0
E0,30/9/2000,West Ham,Bradford,1,1,D,1,0,H,Mike Dean,14,9,6,6,0,0,7,2,14,10,8,0,3,2,0,0
E0,1/10/2000,Arsenal,Man United,1,0,H,1,0,H,Graham Barber,7,13,5,4,0,0,3,11,18,17,8,1,2,3,0,0
E0,1/10/2000,Chelsea,Liverpool,3,0,H,2,0,H,Dermot Gallagher,11,10,5,2,0,0,3,1,14,14,4,2,1,1,0,0
E0,1/10/2000,Sunderland,Leicester,0,0,D,0,0,D,Steve Lodge,11,8,5,2,0,0,6,2,12,8,4,9,3,1,0,0
E0,14/10/2000,Arsenal,Aston Villa,1,0,H,0,0,D,Rob Harris,16,8,10,3,0,0,7,4,12,20,3,3,1,4,0,1
E0,14/10/2000,Coventry,Tottenham,2,1,H,2,0,H,Peter Jones,0,4,5,5,0,1,3,5,12,16,3,6,0,4,1,0
E0,14/10/2000,Everton,Southampton,1,1,D,0,0,D,David Ellaray,7,7,3,4,0,0,9,8,16,13,1,1,1,3,0,0
E0,14/10/2000,Ipswich,West Ham,1,1,D,1,0,H,Neale Barry,11,7,8,2,1,0,8,5,10,11,1,5,0,4,0,0
E0,14/10/2000,Leeds,Charlton,3,1,H,1,0,H,Mike Dean,22,10,10,8,0,0,8,5,7,9,2,1,0,1,0,0
E0,14/10/2000,Leicester,Man United,0,3,A,0,1,A,Paul Durkin,10,16,4,5,0,1,6,7,8,11,3,2,0,0,0,0
E0,14/10/2000,Man City,Bradford,2,0,H,2,0,H,Barry Knight,13,10,10,2,1,0,5,6,10,16,7,8,0,2,0,0
E0,14/10/2000,Sunderland,Chelsea,1,0,H,0,0,D,Jeff Winter,16,11,11,2,1,0,5,0,12,18,3,1,0,1,1,1
E0,15/10/2000,Derby,Liverpool,0,4,A,0,1,A,Steve Bennett,6,16,0,11,0,0,4,3,18,13,5,9,1,1,0,0
E0,16/10/2000,Middlesbrough,Newcastle,1,3,A,0,1,A,Steve Dunn,8,15,2,8,0,0,6,6,8,13,4,4,2,1,0,0
E0,21/10/2000,Bradford,Ipswich,0,2,A,0,1,A,Paul Taylor,7,12,3,3,0,1,9,1,15,14,6,3,1,0,0,0
E0,21/10/2000,Charlton,Middlesbrough,1,0,H,0,0,D,Mike Riley,5,8,2,6,0,0,5,6,11,19,4,2,2,2,0,0
E0,21/10/2000,Chelsea,Coventry,6,1,H,2,0,H,Steve Lodge,33,3,19,3,1,0,10,0,6,8,3,5,0,1,0,1
E0,21/10/2000,Liverpool,Leicester,1,0,H,0,0,D,Andy D'Urso,24,8,11,3,0,0,10,9,8,10,1,3,1,2,0,0
E0,21/10/2000,Man United,Leeds,3,0,H,1,0,H,Jeff Winter,26,5,14,0,0,0,12,4,9,18,1,9,0,2,0,0
E0,21/10/2000,Newcastle,Everton,0,1,A,0,0,D,Mark Halsey,11,9,4,4,0,0,5,4,9,12,3,3,1,3,0,0
E0,21/10/2000,Tottenham,Derby,3,1,H,2,1,H,Mike Dean,18,8,8,7,0,0,7,4,9,16,7,6,1,2,0,0
E0,21/10/2000,West Ham,Arsenal,1,2,A,0,2,A,Dermot Gallagher,11,13,3,5,0,0,5,4,15,11,5,6,1,0,0,0
E0,22/10/2000,Aston Villa,Sunderland,0,0,D,0,0,D,Rob Styles,17,7,4,3,0,1,7,3,11,17,4,4,1,3,0,0
E0,23/10/2000,Southampton,Man City,0,2,A,0,1,A,Alan Wiley,19,11,6,4,0,0,9,3,10,15,2,0,1,2,0,0
E0,28/10/2000,Arsenal,Man City,5,0,H,1,0,H,Rob Styles,22,6,14,2,1,0,10,4,6,13,7,4,0,3,0,1
E0,28/10/2000,Aston Villa,Charlton,2,1,H,2,0,H,Dermot Gallagher,12,7,7,4,1,0,9,6,13,11,3,4,3,2,0,0
E0,28/10/2000,Chelsea,Tottenham,3,0,H,2,0,H,Steve Dunn,9,6,7,3,1,0,2,3,12,14,5,2,3,3,0,0
E0,28/10/2000,Ipswich,Middlesbrough,2,1,H,2,0,H,Neale Barry,19,7,11,3,1,0,6,1,8,17,1,4,0,2,0,0
E0,28/10/2000,Leicester,Derby,2,1,H,1,1,D,Graham Poll,9,7,5,2,0,0,7,3,9,18,2,1,0,3,0,0
E0,28/10/2000,Man United,Southampton,5,0,H,2,0,H,Andy D'Urso,16,12,8,5,1,0,7,7,5,9,3,5,0,0,0,0
E0,28/10/2000,Sunderland,Coventry,1,0,H,0,0,D,Alan Wiley,11,10,7,4,0,0,1,3,17,10,3,12,2,2,0,0
E0,28/10/2000,West Ham,Newcastle,1,0,H,0,0,D,Mike Riley,11,12,4,5,0,1,3,8,15,10,1,3,3,2,0,0
E0,29/10/2000,Bradford,Leeds,1,1,D,1,0,H,Steve Lodge,11,12,6,9,0,0,5,9,15,15,3,8,3,4,0,0
E0,29/10/2000,Liverpool,Everton,3,1,H,1,1,D,Paul Durkin,10,9,8,7,0,0,9,6,10,10,7,5,0,1,0,1
E0,4/11/2000,Charlton,Bradford,2,0,H,2,0,H,Neale Barry,11,12,7,8,0,0,3,6,10,20,9,1,0,1,0,1
E0,4/11/2000,Coventry,Man United,1,2,A,0,2,A,Graham Poll,4,11,2,6,0,1,3,9,17,8,4,5,1,1,0,0
E0,4/11/2000,Leeds,Liverpool,4,3,H,1,2,A,David Ellaray,10,14,7,8,1,0,7,7,18,18,10,4,1,4,0,0
E0,4/11/2000,Man City,Leicester,0,1,A,0,0,D,Mark Halsey,14,3,3,2,0,0,9,4,12,14,0,8,1,2,0,0
E0,4/11/2000,Middlesbrough,Arsenal,0,1,A,0,1,A,Andy D'Urso,4,11,3,8,0,0,5,8,10,11,3,4,1,1,1,0
E0,4/11/2000,Newcastle,Ipswich,2,1,H,1,1,D,Alan Wiley,11,8,6,5,0,0,7,4,13,7,7,5,1,0,0,0
E0,4/11/2000,Southampton,Chelsea,3,2,H,2,0,H,Jeff Winter,10,9,4,4,1,1,7,7,16,11,3,2,4,2,0,0
E0,4/11/2000,Tottenham,Sunderland,2,1,H,1,0,H,Dermot Gallagher,11,12,6,3,0,0,8,7,18,9,3,4,1,0,1,0
E0,5/11/2000,Everton,Aston Villa,0,1,A,0,0,D,Steve Lodge,14,4,6,1,0,0,6,2,17,23,1,1,3,2,0,0
E0,6/11/2000,Derby,West Ham,0,0,D,0,0,D,Paul Durkin,14,6,2,6,0,0,6,1,14,18,1,2,1,1,0,0
E0,11/11/2000,Arsenal,Derby,0,0,D,0,0,D,Steve Lodge,15,9,9,2,0,1,10,0,12,13,9,3,0,2,0,0
E0,11/11/2000,Aston Villa,Tottenham,2,0,H,1,0,H,Barry Knight,11,3,6,2,0,0,10,1,15,13,1,3,0,3,0,0
E0,11/11/2000,Bradford,Everton,0,1,A,0,0,D,Rob Harris,11,9,6,4,1,0,3,3,8,18,3,5,1,2,0,0
E0,11/11/2000,Ipswich,Charlton,2,0,H,0,0,D,Steve Bennett,30,7,13,4,0,0,13,3,8,12,2,4,0,2,0,0
E0,11/11/2000,Leicester,Newcastle,1,1,D,0,0,D,Rob Styles,8,7,4,1,0,0,0,3,7,8,6,3,1,1,0,0
E0,11/11/2000,Man United,Middlesbrough,2,1,H,0,1,A,Paul Durkin,18,5,11,1,0,0,10,0,5,10,8,5,0,0,0,0
E0,11/11/2000,Sunderland,Southampton,2,2,D,1,1,D,Mike Dean,11,10,5,5,1,0,7,4,13,21,3,4,1,1,0,0
E0,11/11/2000,West Ham,Man City,4,1,H,0,1,A,Jeff Winter,22,10,11,5,1,0,7,5,7,7,7,6,1,1,0,0
E0,12/11/2000,Chelsea,Leeds,1,1,D,0,0,D,Graham Poll,12,11,7,3,0,0,3,2,19,24,2,6,4,4,0,0
E0,12/11/2000,Liverpool,Coventry,4,1,H,1,0,H,Mike Riley,19,10,13,5,0,0,7,1,10,12,4,1,1,0,0,0
E0,18/11/2000,Charlton,Chelsea,2,0,H,1,0,H,Paul Durkin,10,13,6,3,0,1,4,5,18,22,5,1,2,3,0,0
E0,18/11/2000,Derby,Bradford,2,0,H,0,0,D,Andy D'Urso,7,7,3,4,0,0,2,4,10,18,2,3,3,1,0,0
E0,18/11/2000,Everton,Arsenal,2,0,H,0,0,D,Mike Riley,4,4,2,2,0,1,3,5,20,12,2,4,3,1,0,0
E0,18/11/2000,Leeds,West Ham,0,1,A,0,1,A,Paul Taylor,15,4,6,3,0,0,2,2,14,19,0,4,1,1,0,0
E0,18/11/2000,Man City,Man United,0,1,A,0,1,A,Steve Dunn,10,8,4,4,0,0,10,11,13,8,2,6,3,1,0,0
E0,18/11/2000,Middlesbrough,Leicester,0,3,A,0,2,A,Alan Wiley,11,9,4,7,1,0,6,2,8,12,3,4,3,1,0,0
E0,18/11/2000,Newcastle,Sunderland,1,2,A,1,0,H,Graham Poll,19,9,9,6,2,0,1,4,17,26,10,4,1,3,0,0
E0,18/11/2000,Southampton,Aston Villa,2,0,H,2,0,H,Peter Jones,7,9,3,3,0,0,3,3,10,10,3,2,0,0,0,0
E0,19/11/2000,Tottenham,Liverpool,2,1,H,2,1,H,Mark Halsey,6,9,4,4,1,0,6,5,11,13,3,3,1,2,0,0
E0,20/11/2000,Coventry,Ipswich,0,1,A,0,0,D,David Ellaray,12,10,5,4,1,0,5,5,10,12,6,4,1,1,0,0
E0,25/11/2000,Charlton,Sunderland,0,1,A,0,0,D,Steve Dunn,10,8,2,3,0,1,7,8,16,16,7,4,0,1,0,0
E0,25/11/2000,Coventry,Aston Villa,1,1,D,0,1,A,Jeff Winter,10,7,2,4,0,0,6,1,9,19,2,5,1,2,0,0
E0,25/11/2000,Derby,Man United,0,3,A,0,0,D,David Ellaray,1,12,0,7,0,0,3,9,12,12,3,4,2,1,0,0
E0,25/11/2000,Everton,Chelsea,2,1,H,0,1,A,Rob Styles,11,10,5,6,1,1,1,4,11,18,2,1,0,3,0,1
E0,25/11/2000,Man City,Ipswich,2,3,A,0,2,A,Mike Dean,9,11,4,4,0,2,6,5,8,5,7,2,0,2,0,0
E0,25/11/2000,Middlesbrough,Bradford,2,2,D,0,2,A,Paul Taylor,14,9,9,5,2,0,6,4,17,18,7,3,0,2,1,0
E0,25/11/2000,Southampton,West Ham,2,3,A,1,2,A,Steve Bennett,10,14,5,8,0,0,6,10,12,10,2,2,1,2,0,0
E0,25/11/2000,Tottenham,Leicester,3,0,H,2,0,H,Rob Harris,15,11,7,5,0,1,5,8,21,15,1,4,1,3,0,1
E0,26/11/2000,Leeds,Arsenal,1,0,H,0,0,D,Dermot Gallagher,12,9,6,3,1,1,8,4,19,22,3,3,1,7,0,0
E0,26/11/2000,Newcastle,Liverpool,2,1,H,1,0,H,Barry Knight,9,13,6,9,1,1,5,11,17,15,10,10,3,2,0,0
E0,2/12/2000,Arsenal,Southampton,1,0,H,0,0,D,Steve Dunn,24,7,12,5,3,1,16,8,14,15,3,6,0,2,0,0
E0,2/12/2000,Aston Villa,Newcastle,1,1,D,1,0,H,David Ellaray,8,9,4,5,0,1,8,2,11,12,2,5,2,1,0,0
E0,2/12/2000,Bradford,Coventry,2,1,H,0,0,D,Mike Dean,10,13,6,7,0,0,9,8,11,12,10,7,3,2,0,0
E0,2/12/2000,Ipswich,Derby,0,1,A,0,1,A,Mark Halsey,11,3,5,3,0,0,6,1,13,13,1,0,1,1,0,0
E0,2/12/2000,Leicester,Leeds,3,1,H,3,0,H,Steve Bennett,8,12,5,4,0,1,0,6,10,7,2,2,1,2,0,1
E0,2/12/2000,Liverpool,Charlton,3,0,H,1,0,H,Rob Styles,13,7,3,2,0,0,6,5,10,9,2,2,1,1,0,0
E0,2/12/2000,Man United,Tottenham,2,0,H,1,0,H,Graham Poll,16,5,8,3,0,0,7,5,7,8,6,5,2,1,0,0
E0,2/12/2000,West Ham,Middlesbrough,1,0,H,1,0,H,Roy Burton,14,5,6,3,0,0,7,5,17,19,9,3,1,4,0,1
E0,3/12/2000,Chelsea,Man City,2,1,H,2,0,H,Dermot Gallagher,9,11,7,5,1,0,7,10,9,12,6,3,2,0,0,0
E0,4/12/2000,Sunderland,Everton,2,0,H,1,0,H,Peter Jones,24,7,11,2,3,0,8,4,16,23,3,3,0,3,0,0
E0,9/12/2000,Arsenal,Newcastle,5,0,H,2,0,H,Mike Dean,15,3,10,1,0,0,5,2,10,11,6,3,0,3,0,0
E0,9/12/2000,Bradford,Tottenham,3,3,D,1,2,A,Neale Barry,13,6,6,4,1,0,7,2,6,16,7,17,2,0,0,0
E0,9/12/2000,Charlton,Man United,3,3,D,1,2,A,Steve Lodge,15,15,8,8,1,2,9,6,6,10,6,0,0,1,0,0
E0,9/12/2000,Chelsea,Derby,4,1,H,3,0,H,Paul Taylor,19,5,10,3,0,0,3,6,8,14,1,0,0,0,0,0
E0,9/12/2000,Man City,Everton,5,0,H,3,0,H,Steve Bennett,13,14,9,4,0,0,5,13,12,12,5,3,0,1,0,0
E0,9/12/2000,Southampton,Leeds,1,0,H,1,0,H,Paul Durkin,12,13,3,5,0,0,2,10,13,15,1,0,3,4,1,0
E0,9/12/2000,Sunderland,Middlesbrough,1,0,H,0,0,D,Graham Poll,8,8,5,5,0,0,5,3,22,21,2,2,1,3,0,0
E0,9/12/2000,West Ham,Aston Villa,1,1,D,1,1,D,Mike Riley,13,15,5,4,1,1,4,4,14,15,0,0,1,3,0,0
E0,10/12/2000,Coventry,Leicester,1,0,H,1,0,H,Steve Dunn,12,6,5,1,1,0,8,10,11,15,1,3,0,1,0,0
E0,10/12/2000,Liverpool,Ipswich,0,1,A,0,1,A,Alan Wiley,14,11,5,6,2,0,8,5,12,14,3,3,1,3,0,0
E0,16/12/2000,Aston Villa,Man City,2,2,D,0,0,D,Andy D'Urso,10,9,5,4,1,0,5,4,8,16,4,3,2,1,1,0
E0,16/12/2000,Derby,Coventry,1,0,H,1,0,H,Matt Messias,4,14,3,5,0,0,3,5,17,10,3,4,1,3,0,0
E0,16/12/2000,Everton,West Ham,1,1,D,0,0,D,Clive Wilkes,15,9,5,4,0,0,9,7,10,7,1,2,1,2,0,0
E0,16/12/2000,Ipswich,Southampton,3,1,H,0,1,A,Barry Knight,15,13,7,4,0,1,6,1,11,12,2,1,1,2,0,0
E0,16/12/2000,Leeds,Sunderland,2,0,H,1,0,H,Rob Styles,17,17,8,6,1,1,8,5,16,20,9,3,3,4,0,0
E0,16/12/2000,Leicester,Charlton,3,1,H,1,1,D,Alan Wiley,9,12,5,8,0,0,5,5,11,16,2,2,1,2,0,0
E0,16/12/2000,Middlesbrough,Chelsea,1,0,H,0,0,D,Peter Jones,7,9,4,3,0,0,3,5,14,16,2,2,0,2,0,0
E0,16/12/2000,Newcastle,Bradford,2,1,H,1,0,H,Steve Dunn,17,7,6,3,1,0,4,3,16,17,11,7,0,2,0,0
E0,17/12/2000,Man United,Liverpool,0,1,A,0,1,A,Mike Riley,6,9,4,4,0,1,9,2,10,11,2,4,1,0,1,0
E0,18/12/2000,Tottenham,Arsenal,1,1,D,1,0,H,Jeff Winter,8,17,4,10,0,0,3,7,20,14,1,2,2,1,0,0
E0,22/12/2000,Coventry,Southampton,1,1,D,1,0,H,Alan Wiley,12,10,5,2,1,0,8,6,12,13,3,3,1,1,0,0
E0,23/12/2000,Charlton,Everton,1,0,H,1,0,H,Graham Barber,10,10,7,4,0,1,13,6,15,21,6,4,1,4,0,0
E0,23/12/2000,Chelsea,Bradford,3,0,H,1,0,H,Barry Knight,17,7,8,1,1,0,5,4,8,12,8,7,0,1,0,0
E0,23/12/2000,Derby,Newcastle,2,0,H,1,0,H,Rob Harris,8,8,5,4,0,0,2,3,17,16,6,5,1,2,0,0
E0,23/12/2000,Leeds,Aston Villa,1,2,A,0,1,A,Mark Halsey,15,8,5,5,0,0,10,2,18,18,3,1,1,4,0,0
E0,23/12/2000,Leicester,West Ham,2,1,H,1,1,D,Graham Poll,11,11,6,4,0,0,6,5,7,5,0,2,1,0,0,0
E0,23/12/2000,Liverpool,Arsenal,4,0,H,1,0,H,Paul Durkin,12,12,6,6,0,0,6,3,18,14,3,1,2,0,0,0
E0,23/12/2000,Man United,Ipswich,2,0,H,2,0,H,Steve Bennett,20,5,4,3,1,0,11,3,7,8,2,4,0,1,0,0
E0,23/12/2000,Sunderland,Man City,1,0,H,1,0,H,David Ellaray,9,9,5,3,0,1,8,6,14,18,12,11,2,2,0,0
E0,23/12/2000,Tottenham,Middlesbrough,0,0,D,0,0,D,Rob Styles,16,5,8,0,1,0,8,4,22,13,4,4,2,3,0,0
E0,26/12/2000,Arsenal,Leicester,6,1,H,1,0,H,Dermot Gallagher,27,2,15,2,1,0,14,0,14,11,8,2,0,0,0,0
E0,26/12/2000,Aston Villa,Man United,0,1,A,0,0,D,Graham Poll,6,14,3,3,0,0,2,4,15,16,4,1,1,2,0,0
E0,26/12/2000,Bradford,Sunderland,1,4,A,0,1,A,Paul Durkin,11,16,3,11,0,0,9,8,17,17,8,6,2,0,0,0
E0,26/12/2000,Everton,Coventry,1,2,A,0,0,D,Neale Barry,17,10,9,5,0,0,5,2,14,16,1,5,2,1,0,0
E0,26/12/2000,Ipswich,Chelsea,2,2,D,1,2,A,Jeff Winter,19,7,13,4,0,0,8,2,5,9,3,3,0,4,0,0
E0,26/12/2000,Man City,Derby,0,0,D,0,0,D,Mike Riley,15,14,7,3,1,2,7,7,15,14,1,7,2,2,0,0
E0,26/12/2000,Middlesbrough,Liverpool,1,0,H,1,0,H,Steve Lodge,7,11,2,5,0,0,2,6,7,9,5,3,2,2,0,0
E0,26/12/2000,Newcastle,Leeds,2,1,H,2,1,H,Andy D'Urso,13,8,4,5,2,1,7,2,23,17,3,4,4,2,0,0
E0,26/12/2000,West Ham,Charlton,5,0,H,3,0,H,Steve Dunn,17,12,10,8,1,0,5,8,19,11,3,1,1,0,0,0
E0,27/12/2000,Southampton,Tottenham,2,0,H,2,0,H,David Ellaray,17,7,6,2,1,0,4,4,17,13,1,4,1,3,0,0
E0,30/12/2000,Arsenal,Sunderland,2,2,D,2,0,H,Graham Barber,17,14,9,7,0,1,11,1,14,18,3,1,0,3,0,0
E0,30/12/2000,Ipswich,Tottenham,3,0,H,1,0,H,Matt Messias,18,6,9,3,1,0,10,5,13,17,3,5,0,0,0,0
E0,30/12/2000,Man City,Charlton,1,4,A,0,2,A,Clive Wilkes,8,13,1,8,0,0,7,4,11,14,2,4,1,2,0,0
E0,30/12/2000,Middlesbrough,Coventry,1,1,D,0,1,A,Dermot Gallagher,14,9,6,3,0,0,4,3,9,16,0,4,1,3,0,0
E0,30/12/2000,Newcastle,Man United,1,1,D,0,1,A,Mike Riley,14,8,4,6,0,0,6,3,13,10,6,4,2,3,0,0
E0,30/12/2000,Southampton,Derby,1,0,H,0,0,D,Andy D'Urso,10,9,5,5,0,0,7,6,17,10,3,3,0,2,0,0
E0,1/1/2001,Charlton,Arsenal,1,0,H,1,0,H,Graham Poll,9,10,4,5,0,0,6,12,15,12,5,2,1,1,0,0
E0,1/1/2001,Chelsea,Aston Villa,1,0,H,1,0,H,Paul Durkin,13,7,5,3,1,0,2,5,15,19,1,1,0,1,0,0
E0,1/1/2001,Coventry,Man City,1,1,D,0,0,D,Barry Knight,19,10,9,5,0,0,12,8,16,15,4,6,1,2,0,0
E0,1/1/2001,Derby,Everton,1,0,H,1,0,H,Alan Wiley,7,9,3,6,0,1,5,11,9,18,1,1,2,3,0,0
E0,1/1/2001,Leeds,Middlesbrough,1,1,D,0,1,A,David Ellaray,16,5,5,3,0,0,5,1,14,15,4,0,2,3,0,0
E0,1/1/2001,Leicester,Bradford,1,2,A,1,2,A,Steve Lodge,9,8,3,4,0,0,5,3,11,14,4,5,0,3,0,0
E0,1/1/2001,Liverpool,Southampton,2,1,H,1,1,D,Dermot Gallagher,16,7,8,3,0,0,15,2,8,5,1,0,0,1,0,0
E0,1/1/2001,Man United,West Ham,3,1,H,2,0,H,Peter Jones,25,9,12,5,1,0,8,2,17,13,1,5,1,2,0,0
E0,1/1/2001,Sunderland,Ipswich,4,1,H,1,1,D,Neale Barry,16,9,9,3,0,0,4,3,15,10,5,4,1,5,0,0
E0,2/1/2001,Tottenham,Newcastle,4,2,H,3,1,H,Steve Bennett,16,9,10,4,0,0,9,6,11,10,8,1,0,2,1,2
E0,13/1/2001,Arsenal,Chelsea,1,1,D,1,0,H,David Ellaray,15,12,8,8,0,0,10,3,13,15,4,4,1,4,0,0
E0,13/1/2001,Aston Villa,Liverpool,0,3,A,0,2,A,Graham Barber,5,12,1,6,0,1,1,4,7,10,3,4,2,0,0,0
E0,13/1/2001,Bradford,Man United,0,3,A,0,0,D,Alan Wiley,9,20,3,11,0,0,1,9,11,11,8,7,1,0,0,0
E0,13/1/2001,Everton,Tottenham,0,0,D,0,0,D,Andy D'Urso,17,4,8,1,0,0,9,0,11,15,2,2,1,0,0,0
E0,13/1/2001,Man City,Leeds,0,4,A,0,1,A,Mike Dean,5,10,3,6,0,0,4,5,23,17,4,6,5,3,0,0
E0,13/1/2001,Middlesbrough,Derby,4,0,H,1,0,H,Rob Styles,13,6,8,3,1,0,4,5,8,14,3,4,0,4,0,0
E0,13/1/2001,Newcastle,Coventry,3,1,H,1,0,H,Jeff Winter,11,12,6,5,0,0,2,7,6,9,7,11,0,3,0,0
E0,13/1/2001,Southampton,Charlton,0,0,D,0,0,D,Steve Lodge,17,10,6,4,1,0,9,3,8,12,1,2,0,0,0,0
E0,13/1/2001,West Ham,Sunderland,0,2,A,0,1,A,Matt Messias,13,7,6,5,1,0,9,6,20,21,9,2,4,2,0,0
E0,14/1/2001,Ipswich,Leicester,2,0,H,0,0,D,Mike Riley,22,6,9,3,1,0,8,1,14,10,0,4,1,1,0,0
E0,20/1/2001,Chelsea,Ipswich,4,1,H,1,1,D,Andy D'Urso,23,5,10,2,1,0,11,1,11,12,8,3,3,0,0,1
E0,20/1/2001,Coventry,Everton,1,3,A,0,3,A,Paul Durkin,9,8,5,4,0,0,15,3,9,22,1,10,0,1,0,0
E0,20/1/2001,Derby,Man City,1,1,D,0,0,D,Jeff Winter,9,10,3,4,0,0,5,4,17,22,4,5,2,2,0,0
E0,20/1/2001,Leeds,Newcastle,1,3,A,1,2,A,Alan Wiley,12,11,5,7,0,0,16,1,12,18,2,4,2,1,0,0
E0,20/1/2001,Leicester,Arsenal,0,0,D,0,0,D,Barry Knight,3,13,0,4,0,1,1,9,6,8,2,5,2,2,1,0
E0,20/1/2001,Liverpool,Middlesbrough,0,0,D,0,0,D,Steve Dunn,22,4,7,2,0,0,7,3,9,10,3,3,1,1,0,0
E0,20/1/2001,Man United,Aston Villa,2,0,H,0,0,D,Mike Riley,12,5,7,3,0,0,7,3,10,19,3,7,1,2,0,0
E0,20/1/2001,Tottenham,Southampton,0,0,D,0,0,D,Clive Wilkes,9,9,4,6,1,0,6,0,10,15,1,2,0,1,0,0
E0,21/1/2001,Sunderland,Bradford,0,0,D,0,0,D,Mark Halsey,14,7,6,3,0,1,8,7,10,13,0,7,0,1,0,0
E0,22/1/2001,Charlton,West Ham,1,1,D,1,0,H,Dermot Gallagher,9,18,3,3,0,0,0,5,11,8,2,2,0,1,0,0
E0,24/1/2001,Aston Villa,Leeds,1,2,A,1,1,D,Steve Bennett,12,7,4,3,3,0,5,3,11,10,1,1,2,0,0,0
E0,30/1/2001,Arsenal,Bradford,2,0,H,2,0,H,Clive Wilkes,20,6,8,2,2,0,6,3,12,14,3,1,1,2,0,0
E0,30/1/2001,Charlton,Derby,2,1,H,1,1,D,Mike Dean,13,6,9,3,1,0,9,3,13,14,0,4,2,1,0,0
E0,31/1/2001,Chelsea,Newcastle,3,1,H,1,1,D,Mark Halsey,14,4,4,2,0,0,7,2,12,19,1,4,1,3,0,0
E0,31/1/2001,Everton,Middlesbrough,2,2,D,0,1,A,Graham Barber,17,6,8,3,0,0,9,1,17,12,1,3,1,5,0,0
E0,31/1/2001,Leeds,Coventry,1,0,H,0,0,D,Rob Harris,11,3,6,1,1,0,9,2,18,19,4,1,4,5,0,0
E0,31/1/2001,Man City,Liverpool,1,1,D,0,1,A,Peter Jones,4,16,2,3,0,0,5,11,17,13,3,2,1,1,0,0
E0,31/1/2001,Southampton,Leicester,1,0,H,0,0,D,Steve Bennett,10,6,5,3,0,0,3,3,14,12,1,1,0,3,0,0
E0,31/1/2001,Sunderland,Man United,0,1,A,0,0,D,Graham Poll,9,13,2,7,0,0,3,2,15,13,5,11,2,0,2,1
E0,31/1/2001,West Ham,Tottenham,0,0,D,0,0,D,Neale Barry,17,14,6,6,1,0,9,4,9,16,4,2,1,1,0,0
E0,3/2/2001,Bradford,Aston Villa,0,3,A,0,0,D,Dermot Gallagher,9,13,2,6,0,0,3,4,14,14,3,10,2,0,0,0
E0,3/2/2001,Coventry,Arsenal,0,1,A,0,0,D,Mike Dean,12,8,4,6,0,0,3,7,13,14,2,5,3,4,0,0
E0,3/2/2001,Derby,Sunderland,1,0,H,1,0,H,Barry Knight,9,17,3,5,1,1,3,4,16,18,14,1,7,3,0,0
E0,3/2/2001,Ipswich,Leeds,1,2,A,0,2,A,Peter Jones,11,10,6,3,0,0,3,4,10,15,0,7,1,2,1,0
E0,3/2/2001,Leicester,Chelsea,2,1,H,1,0,H,Steve Dunn,10,8,5,4,0,0,2,7,7,13,3,1,0,1,0,0
E0,3/2/2001,Liverpool,West Ham,3,0,H,2,0,H,Steve Bennett,14,8,10,3,0,0,5,3,9,6,0,0,0,1,0,1
E0,3/2/2001,Man United,Everton,1,0,H,0,0,D,Jeff Winter,8,5,1,1,0,0,2,5,8,11,3,4,0,2,0,0
E0,3/2/2001,Middlesbrough,Man City,1,1,D,0,1,A,Alan Wiley,14,6,6,3,0,0,4,2,12,14,4,6,0,2,1,0
E0,3/2/2001,Tottenham,Charlton,0,0,D,0,0,D,David Ellaray,9,7,3,2,0,0,2,3,17,14,2,1,2,0,0,0
E0,7/2/2001,Everton,Leeds,2,2,D,1,0,H,Neale Barry,7,9,4,5,0,1,4,7,18,18,3,3,2,1,0,0
E0,10/2/2001,Arsenal,Ipswich,1,0,H,0,0,D,Rob Harris,17,5,10,3,0,0,11,3,16,15,4,3,2,1,0,0
E0,10/2/2001,Aston Villa,Middlesbrough,1,1,D,1,0,H,Clive Wilkes,15,6,4,3,0,0,7,4,11,11,0,3,1,1,0,0
E0,10/2/2001,Chelsea,Man United,1,1,D,1,0,H,David Ellaray,8,16,4,6,0,0,3,8,16,12,3,0,0,2,0,0
E0,10/2/2001,Everton,Leicester,2,1,H,2,0,H,Rob Styles,9,9,6,2,0,0,7,2,12,7,3,2,3,2,0,0
E0,10/2/2001,Leeds,Derby,0,0,D,0,0,D,Jeff Winter,12,3,6,2,0,0,17,4,11,17,4,2,2,5,0,0
E0,10/2/2001,Man City,Tottenham,0,1,A,0,0,D,Steve Dunn,11,11,4,4,1,0,7,3,17,10,2,6,1,0,0,0
E0,10/2/2001,Southampton,Bradford,2,0,H,0,0,D,Graham Poll,12,4,6,1,0,0,8,0,9,16,9,4,0,1,0,0
E0,10/2/2001,Sunderland,Liverpool,1,1,D,0,0,D,Graham Barber,9,8,6,4,0,0,9,6,15,25,4,6,5,3,0,0
E0,11/2/2001,Charlton,Newcastle,2,0,H,2,0,H,Paul Durkin,11,5,4,3,1,0,4,11,10,12,0,2,2,1,0,0
E0,12/2/2001,West Ham,Coventry,1,1,D,0,0,D,Dermot Gallagher,21,13,9,4,1,0,5,4,13,16,3,4,2,5,0,0
E0,24/2/2001,Bradford,West Ham,1,2,A,0,1,A,Steve Lodge,15,11,5,5,0,0,7,1,9,10,4,6,1,2,0,0
E0,24/2/2001,Coventry,Charlton,2,2,D,1,1,D,Mark Halsey,17,15,7,7,0,1,3,7,15,11,0,7,0,0,0,0
E0,24/2/2001,Derby,Aston Villa,1,0,H,1,0,H,Alan Wiley,9,19,5,7,0,1,1,9,9,10,3,2,1,1,0,0
E0,24/2/2001,Ipswich,Everton,2,0,H,0,0,D,Graham Poll,12,8,6,2,0,0,3,2,11,14,1,5,1,2,0,1
E0,24/2/2001,Leicester,Sunderland,2,0,H,1,0,H,Andy D'Urso,11,9,7,3,0,0,6,5,13,16,9,1,0,4,0,1
E0,24/2/2001,Middlesbrough,Southampton,0,1,A,0,0,D,Neale Barry,11,10,6,5,1,0,3,6,9,9,4,6,1,0,0,0
E0,24/2/2001,Newcastle,Man City,0,1,A,0,0,D,Rob Harris,10,11,3,3,0,0,5,5,18,11,4,2,1,0,0,0
E0,24/2/2001,Tottenham,Leeds,1,2,A,1,1,D,Jeff Winter,13,15,4,9,1,0,5,12,16,14,4,3,2,1,0,0
E0,25/2/2001,Man United,Arsenal,6,1,H,5,1,H,Paul Durkin,16,6,9,2,1,0,3,3,10,6,5,8,0,0,0,0
E0,3/3/2001,Arsenal,West Ham,3,0,H,3,0,H,Mike Riley,16,4,6,2,0,0,5,6,19,12,5,6,2,3,0,0
E0,3/3/2001,Coventry,Chelsea,0,0,D,0,0,D,Steve Bennett,17,24,10,11,0,1,5,8,13,15,4,1,2,2,0,0
E0,3/3/2001,Derby,Tottenham,2,1,H,2,0,H,Rob Harris,8,13,4,7,0,0,6,7,20,12,2,1,2,3,0,0
E0,3/3/2001,Everton,Newcastle,1,1,D,0,0,D,David Ellaray,16,4,6,2,0,0,4,1,13,12,5,3,1,2,0,0
E0,3/3/2001,Leeds,Man United,1,1,D,0,0,D,Graham Barber,18,5,10,5,0,0,14,3,25,21,13,1,3,5,0,0
E0,3/3/2001,Leicester,Liverpool,2,0,H,0,0,D,Dermot Gallagher,9,8,7,3,0,0,4,7,9,7,3,1,1,1,0,0
E0,3/3/2001,Man City,Southampton,0,1,A,0,0,D,Jeff Winter,15,6,7,1,0,0,5,6,15,15,1,6,1,1,0,0
E0,3/3/2001,Middlesbrough,Charlton,0,0,D,0,0,D,Mike Dean,8,11,2,8,0,0,4,5,13,12,1,1,1,1,0,0
E0,4/3/2001,Ipswich,Bradford,3,1,H,0,1,A,Andy D'Urso,21,7,8,5,0,0,7,2,13,14,3,5,0,4,0,0
E0,5/3/2001,Sunderland,Aston Villa,1,1,D,0,0,D,Steve Lodge,18,6,12,2,1,0,5,3,17,18,3,8,1,2,0,0
E0,7/3/2001,West Ham,Chelsea,0,2,A,0,2,A,Alan Wiley,7,17,2,6,1,0,1,0,12,9,3,0,2,2,0,0
E0,10/3/2001,Aston Villa,Ipswich,2,1,H,0,1,A,Rob Styles,9,8,5,3,2,0,6,2,15,11,3,1,1,1,0,0
E0,17/3/2001,Bradford,Man City,2,2,D,0,1,A,Steve Dunn,16,10,7,3,0,0,3,3,13,12,2,7,2,1,0,0
E0,17/3/2001,Charlton,Leeds,1,2,A,1,1,D,Clive Wilkes,7,7,3,5,0,0,2,5,19,13,1,1,3,5,0,0
E0,17/3/2001,Chelsea,Sunderland,2,4,A,2,1,H,Paul Durkin,14,11,6,7,1,1,4,5,15,26,11,4,0,0,0,0
E0,17/3/2001,Man United,Leicester,2,0,H,0,0,D,Alan Wiley,19,5,8,2,1,0,14,2,11,13,6,5,1,1,0,0
E0,17/3/2001,Newcastle,Middlesbrough,1,2,A,0,2,A,Graham Barber,16,7,5,4,1,0,5,1,14,19,6,4,0,3,0,1
E0,17/3/2001,Southampton,Everton,1,0,H,0,0,D,Mark Halsey,17,5,5,1,0,0,6,6,13,18,2,0,1,1,0,0
E0,17/3/2001,Tottenham,Coventry,3,0,H,2,0,H,Graham Poll,12,11,4,5,1,0,5,8,13,10,6,3,0,1,0,0
E0,17/3/2001,West Ham,Ipswich,0,1,A,0,0,D,Mike Dean,5,13,2,5,0,0,4,5,14,8,5,2,0,0,0,0
E0,18/3/2001,Aston Villa,Arsenal,0,0,D,0,0,D,Barry Knight,4,14,2,5,0,0,3,3,16,13,7,7,2,2,0,1
E0,18/3/2001,Liverpool,Derby,1,1,D,0,1,A,Neale Barry,18,7,8,4,0,0,9,3,11,9,0,4,2,2,0,0
E0,31/3/2001,Arsenal,Tottenham,2,0,H,0,0,D,Paul Durkin,25,4,19,3,1,0,12,2,5,6,5,4,0,1,0,0
E0,31/3/2001,Bradford,Newcastle,2,2,D,2,1,H,Paul Taylor,22,14,8,7,0,0,10,8,17,23,2,8,0,1,0,0
E0,31/3/2001,Chelsea,Middlesbrough,2,1,H,1,0,H,Peter Jones,17,7,5,3,0,0,4,3,19,10,5,4,2,1,0,0
E0,31/3/2001,Coventry,Derby,2,0,H,1,0,H,David Ellaray,12,14,7,8,0,0,9,4,12,16,4,4,0,1,1,0
E0,31/3/2001,Liverpool,Man United,2,0,H,2,0,H,Graham Poll,15,9,6,3,0,0,6,4,8,8,4,2,1,1,1,0
E0,31/3/2001,Man City,Aston Villa,1,3,A,1,2,A,Rob Styles,12,8,6,7,1,0,9,2,18,13,2,6,6,4,1,0
E0,31/3/2001,Sunderland,Leeds,0,2,A,0,1,A,Steve Dunn,14,7,8,4,0,0,8,4,17,10,2,12,2,2,0,1
E0,31/3/2001,West Ham,Everton,0,2,A,0,1,A,Andy D'Urso,17,10,6,7,0,1,8,2,16,16,4,3,3,2,1,0
E0,1/4/2001,Charlton,Leicester,2,0,H,1,0,H,Jeff Winter,16,5,9,1,2,0,6,2,12,9,3,2,2,2,0,0
E0,2/4/2001,Southampton,Ipswich,0,3,A,0,1,A,Alan Wiley,11,11,3,5,1,1,6,7,17,15,5,4,2,1,0,0
E0,4/4/2001,Aston Villa,Leicester,2,1,H,1,1,D,Mike Dean,9,6,5,2,0,0,10,3,11,12,2,0,2,2,0,0
E0,7/4/2001,Aston Villa,West Ham,2,2,D,0,0,D,Rob Harris,6,7,4,5,0,1,5,3,5,3,0,5,1,3,0,0
E0,7/4/2001,Derby,Chelsea,0,4,A,0,0,D,Steve Lodge,3,10,2,7,1,1,1,9,13,7,4,1,1,1,0,0
E0,7/4/2001,Leeds,Southampton,2,0,H,1,0,H,Jeff Winter,15,6,7,2,0,0,10,1,10,11,5,1,0,0,0,0
E0,7/4/2001,Leicester,Coventry,1,3,A,1,2,A,Graham Barber,9,15,4,5,0,0,4,9,9,19,2,1,3,2,0,0
E0,8/4/2001,Everton,Man City,3,1,H,2,1,H,David Ellaray,11,13,7,5,0,0,8,8,17,18,7,1,0,3,1,1
E0,9/4/2001,Middlesbrough,Sunderland,0,0,D,0,0,D,Andy D'Urso ,12,12,6,4,0,2,3,2,22,22,5,7,5,3,1,0
E0,10/4/2001,Ipswich,Liverpool,1,1,D,0,0,D,Steve Dunn,8,7,5,2,0,0,6,1,10,15,4,2,0,0,0,0
E0,10/4/2001,Man United,Charlton,2,1,H,1,0,H,Mark Halsey ,23,3,8,2,4,1,12,4,8,9,0,5,1,1,0,0
E0,10/4/2001,Tottenham,Bradford,2,1,H,1,1,D,Steve Bennett ,17,10,13,5,0,1,5,7,13,9,4,4,1,1,0,0
E0,11/4/2001,Man City,Arsenal,0,4,A,0,4,A,Neale Barry,7,15,2,8,0,0,7,3,10,8,5,5,2,0,0,0
E0,13/4/2001,Bradford,Charlton,2,0,H,0,0,D,Peter Jones,4,3,8,8,2,0,3,7,13,21,3,5,1,3,0,0
E0,13/4/2001,Liverpool,Leeds,1,2,A,0,2,A,Alan Wiley,11,9,5,3,0,1,8,2,19,16,0,7,3,1,1,0
E0,14/4/2001,Arsenal,Middlesbrough,0,3,A,0,2,A,Paul Durkin,17,6,8,2,0,0,9,0,13,11,0,4,1,1,0,0
E0,14/4/2001,Aston Villa,Everton,2,1,H,1,1,D,Paul Taylor,8,5,5,3,1,0,5,3,13,14,0,3,0,3,0,0
E0,14/4/2001,Chelsea,Southampton,1,0,H,1,0,H,Clive Wilkes,14,9,8,5,1,1,7,6,11,19,2,6,3,3,0,0
E0,14/4/2001,Ipswich,Newcastle,1,0,H,0,0,D,Mike Dean,14,6,5,2,1,0,9,3,6,13,6,2,0,1,0,1
E0,14/4/2001,Leicester,Man City,1,2,A,1,1,D,Barry Knight,15,8,9,3,0,1,5,1,13,26,4,0,2,3,0,0
E0,14/4/2001,Man United,Coventry,4,2,H,2,2,D,Mike Riley,28,9,13,4,1,0,9,2,9,18,9,5,1,4,0,0
E0,14/4/2001,Sunderland,Tottenham,2,3,A,2,0,H,David Ellaray,13,8,4,6,0,0,3,3,12,15,5,6,1,2,0,0
E0,14/4/2001,West Ham,Derby,3,1,H,3,0,H,Rob Styles,18,6,10,3,0,0,3,5,10,18,3,1,0,2,0,0
E0,16/4/2001,Coventry,Sunderland,1,0,H,1,0,H,Dermot Gallagher,14,6,9,3,0,0,6,3,15,21,7,9,3,0,0,0
E0,16/4/2001,Derby,Leicester,2,0,H,1,0,H,Mark Halsey,10,7,6,4,0,0,5,6,17,16,0,2,0,0,0,0
E0,16/4/2001,Everton,Liverpool,2,3,A,1,1,D,Jeff Winter,10,10,7,6,0,1,2,5,19,15,2,1,4,2,1,0
E0,16/4/2001,Middlesbrough,Ipswich,1,2,A,1,0,H,Steve Bennett,4,12,1,5,0,0,5,4,8,8,5,2,0,0,0,0
E0,16/4/2001,Newcastle,West Ham,2,1,H,1,0,H,Paul Durkin,20,13,14,6,0,0,7,5,19,9,7,5,0,0,0,0
E0,17/4/2001,Charlton,Aston Villa,3,3,D,2,0,H,Graham Poll,12,11,5,8,0,2,5,7,10,15,2,0,3,4,1,0
E0,17/4/2001,Tottenham,Chelsea,0,3,A,0,1,A,Graham Barber,5,16,1,10,0,0,2,5,14,11,3,3,2,2,1,0
E0,21/4/2001,Arsenal,Everton,4,1,H,1,1,D,Dermot Gallagher,10,4,8,2,0,0,10,0,7,13,3,2,0,2,0,1
E0,21/4/2001,Aston Villa,Southampton,0,0,D,0,0,D,Jeff Winter,9,3,2,3,0,0,4,5,10,15,6,4,1,2,0,0
E0,21/4/2001,Bradford,Derby,2,0,H,1,0,H,Neale Barry,15,12,9,3,0,0,3,8,14,13,7,5,0,2,0,1
E0,21/4/2001,Chelsea,Charlton,0,1,A,0,1,A,Mike Dean,9,4,1,2,0,0,10,3,12,14,0,4,3,0,0,0
E0,21/4/2001,Ipswich,Coventry,2,0,H,1,0,H,Graham Barber,13,6,5,2,0,0,2,3,22,23,7,4,1,4,0,0
E0,21/4/2001,Leicester,Middlesbrough,0,3,A,0,1,A,Paul Taylor,15,15,4,7,1,0,12,5,13,11,3,0,3,1,0,0
E0,21/4/2001,Man United,Man City,1,1,D,0,0,D,David Ellaray,13,6,6,4,0,1,3,2,14,20,4,2,0,0,1,0
E0,21/4/2001,Sunderland,Newcastle,1,1,D,0,0,D,Mike Riley,16,9,10,5,1,0,4,8,17,22,0,6,5,4,0,0
E0,21/4/2001,West Ham,Leeds,0,2,A,0,1,A,Graham Poll,15,12,10,7,0,0,6,6,17,13,0,8,5,2,0,1
E0,22/4/2001,Liverpool,Tottenham,3,1,H,1,1,D,Barry Knight,14,7,8,5,1,0,6,4,10,13,5,0,1,1,0,0
E0,28/4/2001,Coventry,Liverpool,0,2,A,0,0,D,Steve Bennett,11,13,4,6,0,0,7,7,15,11,3,6,3,1,0,0
E0,28/4/2001,Derby,Arsenal,1,2,A,1,1,D,Graham Barber,6,14,2,9,0,0,4,6,14,13,1,3,3,4,0,0
E0,28/4/2001,Everton,Bradford,2,1,H,0,1,A,Paul Durkin,18,7,9,4,0,0,5,2,15,15,7,2,1,2,0,0
E0,28/4/2001,Leeds,Chelsea,2,0,H,0,0,D,Steve Dunn,16,7,9,5,0,1,7,2,22,17,3,0,2,5,0,0
E0,28/4/2001,Man City,West Ham,1,0,H,1,0,H,Peter Jones,16,12,9,7,0,1,10,10,19,12,2,7,3,5,0,0
E0,28/4/2001,Middlesbrough,Man United,0,2,A,0,1,A,Steve Lodge,18,9,3,5,1,0,4,6,13,21,7,3,2,3,0,0
E0,28/4/2001,Newcastle,Leicester,1,0,H,0,0,D,Graham Poll,20,4,6,3,1,0,12,0,15,14,2,7,1,1,0,0
E0,28/4/2001,Southampton,Sunderland,0,1,A,0,0,D,Alan Wiley,11,6,5,3,0,0,11,2,15,14,7,4,2,1,0,0
E0,28/4/2001,Tottenham,Aston Villa,0,0,D,0,0,D,Clive Wilkes,7,7,3,4,0,0,5,6,13,13,4,2,1,0,0,0
E0,30/4/2001,Charlton,Ipswich,2,1,H,1,1,D,Rob Styles,10,17,7,6,0,2,2,13,17,11,2,0,0,1,0,0
E0,1/5/2001,Bradford,Liverpool,0,2,A,0,0,D,Jeff Winter,15,11,4,10,0,0,7,0,11,13,3,6,0,2,0,0
E0,1/5/2001,Newcastle,Southampton,1,1,D,1,0,H,Steve Lodge,7,11,5,3,0,0,4,2,15,17,0,1,2,1,0,0
E0,5/5/2001,Arsenal,Leeds,2,1,H,1,0,H,Peter Jones,7,4,4,3,0,1,11,2,21,18,4,2,4,3,0,0
E0,5/5/2001,Aston Villa,Coventry,3,2,H,0,2,A,Mike Riley,6,6,4,3,0,0,6,2,12,23,0,2,2,5,0,0
E0,5/5/2001,Bradford,Middlesbrough,1,1,D,1,0,H,Graham Barber,10,14,7,9,0,0,6,6,25,21,4,6,4,2,0,0
E0,5/5/2001,Chelsea,Everton,2,1,H,2,1,H,Rob Harris,13,9,5,3,0,0,8,6,19,22,1,4,1,1,0,0
E0,5/5/2001,Leicester,Tottenham,4,2,H,1,0,H,Mike Dean,19,9,9,4,1,0,6,2,11,14,1,3,3,2,0,0
E0,5/5/2001,Liverpool,Newcastle,3,0,H,1,0,H,Mark Halsey,12,6,5,3,0,0,2,3,11,10,2,1,0,2,0,0
E0,5/5/2001,Man United,Derby,0,1,A,0,1,A,Neale Barry,11,10,6,5,0,0,13,1,13,11,2,4,1,0,0,0
E0,5/5/2001,Sunderland,Charlton,3,2,H,2,1,H,Steve Dunn,17,17,11,7,0,1,8,5,17,7,0,7,1,0,0,0
E0,5/5/2001,West Ham,Southampton,3,0,H,0,0,D,Clive Wilkes,16,12,12,3,0,1,5,1,18,18,3,2,2,2,0,0
E0,7/5/2001,Ipswich,Man City,2,1,H,0,0,D,Steve Lodge,15,11,7,7,0,1,9,2,8,19,1,5,0,0,0,0
E0,8/5/2001,Liverpool,Chelsea,2,2,D,1,1,D,Dermot Gallagher,16,14,8,7,0,0,6,6,14,21,3,1,1,4,0,0
E0,13/5/2001,Leeds,Bradford,6,1,H,5,1,H,Andy D'Urso,18,13,9,7,0,0,9,7,20,13,4,0,1,0,0,0
E0,13/5/2001,Southampton,Man United,2,1,H,2,0,H,Jeff Winter,14,9,3,6,0,0,4,4,13,18,5,4,1,1,0,0
E0,15/5/2001,Newcastle,Arsenal,0,0,D,0,0,D,Alan Wiley,12,8,2,1,0,1,4,8,14,10,1,3,1,0,0,0
E0,19/5/2001,Charlton,Liverpool,0,4,A,0,0,D,Graham Barber,12,16,10,14,1,0,10,10,7,13,1,0,1,1,0,0
E0,19/5/2001,Coventry,Bradford,0,0,D,0,0,D,Alan Wiley,15,10,7,3,0,0,9,3,15,13,5,9,1,1,0,0
E0,19/5/2001,Derby,Ipswich,1,1,D,1,0,H,Graham Poll,7,13,2,6,0,0,3,11,14,15,5,3,1,1,0,0
E0,19/5/2001,Everton,Sunderland,2,2,D,1,1,D,Steve Bennett,18,11,8,4,2,0,5,6,12,13,6,2,5,3,0,1
E0,19/5/2001,Leeds,Leicester,3,1,H,1,1,D,David Ellaray,24,8,11,5,3,0,12,5,14,17,2,2,3,4,0,0
E0,19/5/2001,Man City,Chelsea,1,2,A,1,1,D,Mike Riley,3,9,1,3,0,0,8,7,22,18,2,2,4,2,0,0
E0,19/5/2001,Middlesbrough,West Ham,2,1,H,2,1,H,Paul Durkin,19,11,7,5,0,0,5,6,13,15,5,2,0,0,0,0
E0,19/5/2001,Newcastle,Aston Villa,3,0,H,2,0,H,Barry Knight,9,5,5,1,0,0,5,1,10,14,2,4,0,5,1,1
E0,19/5/2001,Southampton,Arsenal,3,2,H,0,1,A,Paul Taylor,11,8,7,5,0,1,7,5,17,10,3,2,1,2,0,0
E0,19/5/2001,Tottenham,Man United,3,1,H,1,1,D,Andy D'Urso,9,15,3,6,0,0,3,6,13,15,3,2,0,2,0,0
